[
  {
    "anonymous": false,
    "inputs": [
      {
        "indexed": false,
        "internalType": "uint256",
        "name": "index",
        "type": "uint256"
      },
      {
        "indexed": false,
        "internalType": "bytes32",
        "name": "txn",
        "type": "bytes32"
      },
      {
        "indexed": false,
        "internalType": "address",
        "name": "player",
        "type": "address"
      },
      {
        "indexed": false,
        "internalType": "address",
        "name": "token",
        "type": "address"
      },
      {
        "indexed": false,
        "internalType": "uint256",
        "name": "amount",
        "type": "uint256"
      },
      {
        "indexed": false,
        "internalType": "bool[6]",
        "name": "playerOption",
        "type": "bool[6]"
      },
      {
        "indexed": false,
        "internalType": "enum DiceRoll.BetOption",
        "name": "resultOption",
        "type": "uint8"
      },
      {
        "indexed": false,
        "internalType": "bool",
        "name": "wasSuccess",
        "type": "bool"
      },
      {
        "indexed": false,
        "internalType": "uint256",
        "name": "payout",
        "type": "uint256"
      }
    ],
    "name": "NewBetPlaced",
    "type": "event"
  },
  {
    "anonymous": false,
    "inputs": [
      {
        "indexed": true,
        "internalType": "address",
        "name": "previousOwner",
        "type": "address"
      },
      {
        "indexed": true,
        "internalType": "address",
        "name": "newOwner",
        "type": "address"
      }
    ],
    "name": "OwnershipTransferred",
    "type": "event"
  },
  {
    "anonymous": false,
    "inputs": [
      {
        "indexed": false,
        "internalType": "address",
        "name": "player",
        "type": "address"
      },
      {
        "indexed": false,
        "internalType": "address",
        "name": "token",
        "type": "address"
      },
      {
        "indexed": false,
        "internalType": "uint256",
        "name": "rewardAmount",
        "type": "uint256"
      }
    ],
    "name": "RewardProvided",
    "type": "event"
  },
  {
    "inputs": [],
    "name": "claimReward",
    "outputs": [],
    "stateMutability": "nonpayable",
    "type": "function"
  },
  {
    "inputs": [
      {
        "internalType": "address",
        "name": "_manager",
        "type": "address"
      }
    ],
    "name": "getAllowedManager",
    "outputs": [
      {
        "internalType": "bool",
        "name": "",
        "type": "bool"
      }
    ],
    "stateMutability": "view",
    "type": "function"
  },
  {
    "inputs": [
      {
        "internalType": "address",
        "name": "_token",
        "type": "address"
      }
    ],
    "name": "getBetAmountForTaxByToken",
    "outputs": [
      {
        "internalType": "uint256",
        "name": "",
        "type": "uint256"
      }
    ],
    "stateMutability": "view",
    "type": "function"
  },
  {
    "inputs": [
      {
        "internalType": "address",
        "name": "_token",
        "type": "address"
      }
    ],
    "name": "getBetAmountRangeByToken",
    "outputs": [
      {
        "internalType": "uint256",
        "name": "minBetAmount",
        "type": "uint256"
      },
      {
        "internalType": "uint256",
        "name": "maxBetAmount",
        "type": "uint256"
      }
    ],
    "stateMutability": "view",
    "type": "function"
  },
  {
    "inputs": [
      {
        "internalType": "address",
        "name": "_token",
        "type": "address"
      }
    ],
    "name": "getBetsAmountAndCountByToken",
    "outputs": [
      {
        "internalType": "uint256",
        "name": "totalBetsAmount",
        "type": "uint256"
      },
      {
        "internalType": "uint256",
        "name": "totalBetsCount",
        "type": "uint256"
      }
    ],
    "stateMutability": "view",
    "type": "function"
  },
  {
    "inputs": [
      {
        "internalType": "uint256",
        "name": "_betsCount",
        "type": "uint256"
      }
    ],
    "name": "getBetsByIndex",
    "outputs": [
      {
        "components": [
          {
            "internalType": "uint256",
            "name": "index",
            "type": "uint256"
          },
          {
            "internalType": "bytes32",
            "name": "txn",
            "type": "bytes32"
          },
          {
            "internalType": "address",
            "name": "player",
            "type": "address"
          },
          {
            "internalType": "address",
            "name": "token",
            "type": "address"
          },
          {
            "internalType": "uint256",
            "name": "amount",
            "type": "uint256"
          },
          {
            "internalType": "bool[6]",
            "name": "playerOption",
            "type": "bool[6]"
          },
          {
            "internalType": "enum DiceRoll.BetOption",
            "name": "resultOption",
            "type": "uint8"
          },
          {
            "internalType": "bool",
            "name": "wasSuccess",
            "type": "bool"
          },
          {
            "internalType": "uint256",
            "name": "payout",
            "type": "uint256"
          }
        ],
        "internalType": "struct DiceRoll.Bet[]",
        "name": "",
        "type": "tuple[]"
      }
    ],
    "stateMutability": "view",
    "type": "function"
  },
  {
    "inputs": [
      {
        "internalType": "address",
        "name": "_token",
        "type": "address"
      },
      {
        "internalType": "uint256",
        "name": "_betsCount",
        "type": "uint256"
      }
    ],
    "name": "getBetsByPlayer",
    "outputs": [
      {
        "components": [
          {
            "internalType": "uint256",
            "name": "index",
            "type": "uint256"
          },
          {
            "internalType": "bytes32",
            "name": "txn",
            "type": "bytes32"
          },
          {
            "internalType": "address",
            "name": "player",
            "type": "address"
          },
          {
            "internalType": "address",
            "name": "token",
            "type": "address"
          },
          {
            "internalType": "uint256",
            "name": "amount",
            "type": "uint256"
          },
          {
            "internalType": "bool[6]",
            "name": "playerOption",
            "type": "bool[6]"
          },
          {
            "internalType": "enum DiceRoll.BetOption",
            "name": "resultOption",
            "type": "uint8"
          },
          {
            "internalType": "bool",
            "name": "wasSuccess",
            "type": "bool"
          },
          {
            "internalType": "uint256",
            "name": "payout",
            "type": "uint256"
          }
        ],
        "internalType": "struct DiceRoll.Bet[]",
        "name": "",
        "type": "tuple[]"
      }
    ],
    "stateMutability": "view",
    "type": "function"
  },
  {
    "inputs": [
      {
        "internalType": "address",
        "name": "_token",
        "type": "address"
      },
      {
        "internalType": "uint256",
        "name": "_betsCount",
        "type": "uint256"
      }
    ],
    "name": "getBetsByToken",
    "outputs": [
      {
        "components": [
          {
            "internalType": "uint256",
            "name": "index",
            "type": "uint256"
          },
          {
            "internalType": "bytes32",
            "name": "txn",
            "type": "bytes32"
          },
          {
            "internalType": "address",
            "name": "player",
            "type": "address"
          },
          {
            "internalType": "address",
            "name": "token",
            "type": "address"
          },
          {
            "internalType": "uint256",
            "name": "amount",
            "type": "uint256"
          },
          {
            "internalType": "bool[6]",
            "name": "playerOption",
            "type": "bool[6]"
          },
          {
            "internalType": "enum DiceRoll.BetOption",
            "name": "resultOption",
            "type": "uint8"
          },
          {
            "internalType": "bool",
            "name": "wasSuccess",
            "type": "bool"
          },
          {
            "internalType": "uint256",
            "name": "payout",
            "type": "uint256"
          }
        ],
        "internalType": "struct DiceRoll.Bet[]",
        "name": "",
        "type": "tuple[]"
      }
    ],
    "stateMutability": "view",
    "type": "function"
  },
  {
    "inputs": [
      {
        "internalType": "address",
        "name": "_token",
        "type": "address"
      }
    ],
    "name": "getBetsCountByPlayer",
    "outputs": [
      {
        "internalType": "uint256",
        "name": "betsCountByPlayer",
        "type": "uint256"
      }
    ],
    "stateMutability": "view",
    "type": "function"
  },
  {
    "inputs": [
      {
        "internalType": "address",
        "name": "_player",
        "type": "address"
      },
      {
        "internalType": "address",
        "name": "_token",
        "type": "address"
      }
    ],
    "name": "getBetsCountByPlayerNotSender",
    "outputs": [
      {
        "internalType": "uint256",
        "name": "betsCountByPlayer",
        "type": "uint256"
      }
    ],
    "stateMutability": "view",
    "type": "function"
  },
  {
    "inputs": [
      {
        "internalType": "address",
        "name": "_token",
        "type": "address"
      }
    ],
    "name": "getBetsCountByToken",
    "outputs": [
      {
        "internalType": "uint256",
        "name": "betsCountByToken",
        "type": "uint256"
      }
    ],
    "stateMutability": "view",
    "type": "function"
  },
  {
    "inputs": [],
    "name": "getBetsCountTotal",
    "outputs": [
      {
        "internalType": "uint256",
        "name": "betsCountTotal",
        "type": "uint256"
      }
    ],
    "stateMutability": "view",
    "type": "function"
  },
  {
    "inputs": [],
    "name": "getMinTaxFeePercent",
    "outputs": [
      {
        "internalType": "uint256",
        "name": "",
        "type": "uint256"
      }
    ],
    "stateMutability": "view",
    "type": "function"
  },
  {
    "inputs": [
      {
        "internalType": "address",
        "name": "_token",
        "type": "address"
      },
      {
        "internalType": "uint256",
        "name": "_betAmount",
        "type": "uint256"
      }
    ],
    "name": "getMultiplier",
    "outputs": [
      {
        "internalType": "uint256",
        "name": "",
        "type": "uint256"
      }
    ],
    "stateMutability": "view",
    "type": "function"
  },
  {
    "inputs": [],
    "name": "getRewardAmountByPlayer",
    "outputs": [
      {
        "internalType": "uint256",
        "name": "",
        "type": "uint256"
      }
    ],
    "stateMutability": "view",
    "type": "function"
  },
  {
    "inputs": [
      {
        "internalType": "address",
        "name": "_player",
        "type": "address"
      }
    ],
    "name": "getRewardAmountByPlayerNotSender",
    "outputs": [
      {
        "internalType": "uint256",
        "name": "",
        "type": "uint256"
      }
    ],
    "stateMutability": "view",
    "type": "function"
  },
  {
    "inputs": [],
    "name": "getRewardAmountMilliPercent",
    "outputs": [
      {
        "internalType": "uint256",
        "name": "",
        "type": "uint256"
      }
    ],
    "stateMutability": "view",
    "type": "function"
  },
  {
    "inputs": [],
    "name": "getRewardToken",
    "outputs": [
      {
        "internalType": "address",
        "name": "",
        "type": "address"
      }
    ],
    "stateMutability": "view",
    "type": "function"
  },
  {
    "inputs": [
      {
        "internalType": "address",
        "name": "_token",
        "type": "address"
      }
    ],
    "name": "getTokenAllowed",
    "outputs": [
      {
        "internalType": "bool",
        "name": "",
        "type": "bool"
      }
    ],
    "stateMutability": "view",
    "type": "function"
  },
  {
    "inputs": [
      {
        "internalType": "address",
        "name": "_token",
        "type": "address"
      }
    ],
    "name": "getTopGamers",
    "outputs": [
      {
        "components": [
          {
            "internalType": "address",
            "name": "player",
            "type": "address"
          },
          {
            "internalType": "uint256",
            "name": "payoutAmount",
            "type": "uint256"
          },
          {
            "internalType": "uint256",
            "name": "count",
            "type": "uint256"
          }
        ],
        "internalType": "struct Game.TotalPayoutInfo[30]",
        "name": "",
        "type": "tuple[30]"
      }
    ],
    "stateMutability": "view",
    "type": "function"
  },
  {
    "inputs": [
      {
        "internalType": "address",
        "name": "_tokenStoreAddr",
        "type": "address"
      }
    ],
    "name": "initialize",
    "outputs": [],
    "stateMutability": "nonpayable",
    "type": "function"
  },
  {
    "inputs": [],
    "name": "owner",
    "outputs": [
      {
        "internalType": "address",
        "name": "",
        "type": "address"
      }
    ],
    "stateMutability": "view",
    "type": "function"
  },
  {
    "inputs": [
      {
        "internalType": "address",
        "name": "_player",
        "type": "address"
      },
      {
        "internalType": "bool[6]",
        "name": "_option",
        "type": "bool[6]"
      },
      {
        "internalType": "address",
        "name": "_token",
        "type": "address"
      },
      {
        "internalType": "uint256",
        "name": "_amount",
        "type": "uint256"
      },
      {
        "internalType": "uint256",
        "name": "_nonce",
        "type": "uint256"
      },
      {
        "internalType": "uint256",
        "name": "_deadline",
        "type": "uint256"
      },
      {
        "internalType": "uint256",
        "name": "randomNumber",
        "type": "uint256"
      }
    ],
    "name": "placeBet",
    "outputs": [],
    "stateMutability": "nonpayable",
    "type": "function"
  },
  {
    "inputs": [],
    "name": "renounceOwnership",
    "outputs": [],
    "stateMutability": "nonpayable",
    "type": "function"
  },
  {
    "inputs": [
      {
        "internalType": "address",
        "name": "_manager",
        "type": "address"
      },
      {
        "internalType": "bool",
        "name": "_allowed",
        "type": "bool"
      }
    ],
    "name": "setAllowedManager",
    "outputs": [],
    "stateMutability": "nonpayable",
    "type": "function"
  },
  {
    "inputs": [
      {
        "internalType": "address",
        "name": "_token",
        "type": "address"
      },
      {
        "internalType": "uint256",
        "name": "_betAmount",
        "type": "uint256"
      }
    ],
    "name": "setBetAmountForTaxByToken",
    "outputs": [],
    "stateMutability": "nonpayable",
    "type": "function"
  },
  {
    "inputs": [
      {
        "internalType": "address",
        "name": "_token",
        "type": "address"
      },
      {
        "internalType": "uint256",
        "name": "_minAmount",
        "type": "uint256"
      },
      {
        "internalType": "uint256",
        "name": "_maxAmount",
        "type": "uint256"
      }
    ],
    "name": "setBetAmountRangeByToken",
    "outputs": [],
    "stateMutability": "nonpayable",
    "type": "function"
  },
  {
    "inputs": [
      {
        "internalType": "uint256",
        "name": "_minTaxFeePercent",
        "type": "uint256"
      }
    ],
    "name": "setMinTaxFeePercent",
    "outputs": [],
    "stateMutability": "nonpayable",
    "type": "function"
  },
  {
    "inputs": [
      {
        "internalType": "uint256",
        "name": "_rewardAmountMilliPercent",
        "type": "uint256"
      }
    ],
    "name": "setRewardAmountMilliPercent",
    "outputs": [],
    "stateMutability": "nonpayable",
    "type": "function"
  },
  {
    "inputs": [
      {
        "internalType": "address",
        "name": "_rewardToken",
        "type": "address"
      }
    ],
    "name": "setRewardToken",
    "outputs": [],
    "stateMutability": "nonpayable",
    "type": "function"
  },
  {
    "inputs": [
      {
        "internalType": "address",
        "name": "_token",
        "type": "address"
      },
      {
        "internalType": "bool",
        "name": "_isAllowed",
        "type": "bool"
      }
    ],
    "name": "setTokenAllowed",
    "outputs": [],
    "stateMutability": "nonpayable",
    "type": "function"
  },
  {
    "inputs": [
      {
        "internalType": "bytes32",
        "name": "_txn",
        "type": "bytes32"
      },
      {
        "internalType": "address",
        "name": "_player",
        "type": "address"
      },
      {
        "internalType": "address",
        "name": "_token",
        "type": "address"
      },
      {
        "internalType": "uint256",
        "name": "index1",
        "type": "uint256"
      },
      {
        "internalType": "uint256",
        "name": "index2",
        "type": "uint256"
      },
      {
        "internalType": "uint256",
        "name": "index3",
        "type": "uint256"
      }
    ],
    "name": "setTxnOfBetHistory",
    "outputs": [],
    "stateMutability": "nonpayable",
    "type": "function"
  },
  {
    "inputs": [
      {
        "internalType": "address",
        "name": "account",
        "type": "address"
      }
    ],
    "name": "toString",
    "outputs": [
      {
        "internalType": "string",
        "name": "",
        "type": "string"
      }
    ],
    "stateMutability": "pure",
    "type": "function"
  },
  {
    "inputs": [
      {
        "internalType": "uint256",
        "name": "value",
        "type": "uint256"
      }
    ],
    "name": "toString",
    "outputs": [
      {
        "internalType": "string",
        "name": "",
        "type": "string"
      }
    ],
    "stateMutability": "pure",
    "type": "function"
  },
  {
    "inputs": [
      {
        "internalType": "bytes",
        "name": "data",
        "type": "bytes"
      }
    ],
    "name": "toString",
    "outputs": [
      {
        "internalType": "string",
        "name": "",
        "type": "string"
      }
    ],
    "stateMutability": "pure",
    "type": "function"
  },
  {
    "inputs": [
      {
        "internalType": "bytes32",
        "name": "value",
        "type": "bytes32"
      }
    ],
    "name": "toString",
    "outputs": [
      {
        "internalType": "string",
        "name": "",
        "type": "string"
      }
    ],
    "stateMutability": "pure",
    "type": "function"
  },
  {
    "inputs": [
      {
        "internalType": "address",
        "name": "newOwner",
        "type": "address"
      }
    ],
    "name": "transferOwnership",
    "outputs": [],
    "stateMutability": "nonpayable",
    "type": "function"
  }
]
