[
  { "inputs": [], "stateMutability": "nonpayable", "type": "constructor" },
  {
    "anonymous": false,
    "inputs": [
      { "indexed": false, "internalType": "address", "name": "tokenAddress", "type": "address" },
      { "indexed": false, "internalType": "uint256", "name": "amountTokens", "type": "uint256" }
    ],
    "name": "AdminTokenRecovery",
    "type": "event"
  },
  {
    "anonymous": false,
    "inputs": [
      { "indexed": false, "internalType": "uint256[]", "name": "amountRaisingTokens", "type": "uint256[]" },
      { "indexed": false, "internalType": "uint256", "name": "amountOfferingToken", "type": "uint256" }
    ],
    "name": "AdminWithdraw",
    "type": "event"
  },
  {
    "anonymous": false,
    "inputs": [{ "indexed": false, "internalType": "uint256", "name": "campaignId", "type": "uint256" }],
    "name": "CampaignIdSet",
    "type": "event"
  },
  {
    "anonymous": false,
    "inputs": [
      { "indexed": true, "internalType": "address", "name": "user", "type": "address" },
      { "indexed": true, "internalType": "uint8", "name": "pid", "type": "uint8" },
      { "indexed": false, "internalType": "uint256", "name": "amount", "type": "uint256" }
    ],
    "name": "Deposit",
    "type": "event"
  },
  {
    "anonymous": false,
    "inputs": [
      { "indexed": true, "internalType": "address", "name": "user", "type": "address" },
      { "indexed": true, "internalType": "uint8", "name": "pid", "type": "uint8" },
      { "indexed": false, "internalType": "uint256", "name": "offeringAmount", "type": "uint256" },
      { "indexed": false, "internalType": "uint256", "name": "excessAmount", "type": "uint256" }
    ],
    "name": "Harvest",
    "type": "event"
  },
  {
    "anonymous": false,
    "inputs": [
      { "indexed": false, "internalType": "uint256", "name": "startTime", "type": "uint256" },
      { "indexed": false, "internalType": "uint256", "name": "endTime", "type": "uint256" }
    ],
    "name": "NewStartAndEndTimes",
    "type": "event"
  },
  {
    "anonymous": false,
    "inputs": [
      { "indexed": true, "internalType": "address", "name": "previousOwner", "type": "address" },
      { "indexed": true, "internalType": "address", "name": "newOwner", "type": "address" }
    ],
    "name": "OwnershipTransferred",
    "type": "event"
  },
  {
    "anonymous": false,
    "inputs": [
      { "indexed": false, "internalType": "uint8", "name": "pid", "type": "uint8" },
      { "indexed": false, "internalType": "uint256", "name": "offeringAmountPool", "type": "uint256" },
      { "indexed": false, "internalType": "uint256", "name": "raisingAmountPool", "type": "uint256" }
    ],
    "name": "PoolParametersSet",
    "type": "event"
  },
  {
    "inputs": [],
    "name": "IFO_FACTORY",
    "outputs": [{ "internalType": "address", "name": "", "type": "address" }],
    "stateMutability": "view",
    "type": "function"
  },
  {
    "inputs": [],
    "name": "MAX_BUFFER_TIME_INTERVAL",
    "outputs": [{ "internalType": "uint256", "name": "", "type": "uint256" }],
    "stateMutability": "view",
    "type": "function"
  },
  {
    "inputs": [],
    "name": "MAX_CLAIM_DELAY_INTERVAL",
    "outputs": [{ "internalType": "uint256", "name": "", "type": "uint256" }],
    "stateMutability": "view",
    "type": "function"
  },
  {
    "inputs": [],
    "name": "NUMBER_POOLS",
    "outputs": [{ "internalType": "uint8", "name": "", "type": "uint8" }],
    "stateMutability": "view",
    "type": "function"
  },
  {
    "inputs": [],
    "name": "PERCENTAGE_FACTOR",
    "outputs": [{ "internalType": "uint256", "name": "", "type": "uint256" }],
    "stateMutability": "view",
    "type": "function"
  },
  {
    "inputs": [],
    "name": "VE_RATE",
    "outputs": [{ "internalType": "uint8", "name": "", "type": "uint8" }],
    "stateMutability": "view",
    "type": "function"
  },
  {
    "inputs": [],
    "name": "allowClaim",
    "outputs": [{ "internalType": "bool", "name": "", "type": "bool" }],
    "stateMutability": "view",
    "type": "function"
  },
  {
    "inputs": [],
    "name": "burnAddress",
    "outputs": [{ "internalType": "address", "name": "", "type": "address" }],
    "stateMutability": "view",
    "type": "function"
  },
  {
    "inputs": [],
    "name": "campaignId",
    "outputs": [{ "internalType": "uint256", "name": "", "type": "uint256" }],
    "stateMutability": "view",
    "type": "function"
  },
  {
    "inputs": [
      { "internalType": "uint256", "name": "_amount", "type": "uint256" },
      { "internalType": "uint8", "name": "_pid", "type": "uint8" }
    ],
    "name": "depositPool",
    "outputs": [],
    "stateMutability": "nonpayable",
    "type": "function"
  },
  {
    "inputs": [],
    "name": "endTime",
    "outputs": [{ "internalType": "uint256", "name": "", "type": "uint256" }],
    "stateMutability": "view",
    "type": "function"
  },
  {
    "inputs": [
      { "internalType": "uint256[]", "name": "_raisingAmounts", "type": "uint256[]" },
      { "internalType": "uint256", "name": "_offeringAmount", "type": "uint256" }
    ],
    "name": "finalWithdraw",
    "outputs": [],
    "stateMutability": "nonpayable",
    "type": "function"
  },
  {
    "inputs": [{ "internalType": "uint8", "name": "_pid", "type": "uint8" }],
    "name": "harvestPool",
    "outputs": [],
    "stateMutability": "nonpayable",
    "type": "function"
  },
  {
    "inputs": [
      { "internalType": "address", "name": "_offeringToken", "type": "address" },
      { "internalType": "uint256", "name": "_startTime", "type": "uint256" },
      { "internalType": "uint256", "name": "_endTime", "type": "uint256" },
      { "internalType": "uint256", "name": "_maxBufferTimeInterval", "type": "uint256" },
      { "internalType": "address", "name": "_adminAddress", "type": "address" },
      { "internalType": "address", "name": "_votingEscrowAddress", "type": "address" },
      { "internalType": "address", "name": "_burnAddress", "type": "address" },
      { "internalType": "address", "name": "_receiverAddress", "type": "address" }
    ],
    "name": "initialize",
    "outputs": [],
    "stateMutability": "nonpayable",
    "type": "function"
  },
  {
    "inputs": [],
    "name": "isInitialized",
    "outputs": [{ "internalType": "bool", "name": "", "type": "bool" }],
    "stateMutability": "view",
    "type": "function"
  },
  {
    "inputs": [],
    "name": "offeringToken",
    "outputs": [{ "internalType": "contract IERC20", "name": "", "type": "address" }],
    "stateMutability": "view",
    "type": "function"
  },
  {
    "inputs": [],
    "name": "owner",
    "outputs": [{ "internalType": "address", "name": "", "type": "address" }],
    "stateMutability": "view",
    "type": "function"
  },
  {
    "inputs": [],
    "name": "receiverAddress",
    "outputs": [{ "internalType": "address", "name": "", "type": "address" }],
    "stateMutability": "view",
    "type": "function"
  },
  {
    "inputs": [
      { "internalType": "address", "name": "_tokenAddress", "type": "address" },
      { "internalType": "uint256", "name": "_tokenAmount", "type": "uint256" }
    ],
    "name": "recoverWrongTokens",
    "outputs": [],
    "stateMutability": "nonpayable",
    "type": "function"
  },
  { "inputs": [], "name": "renounceOwnership", "outputs": [], "stateMutability": "nonpayable", "type": "function" },
  {
    "inputs": [{ "internalType": "bool", "name": "_allow", "type": "bool" }],
    "name": "setAllowClaim",
    "outputs": [],
    "stateMutability": "nonpayable",
    "type": "function"
  },
  {
    "inputs": [
      { "internalType": "address", "name": "_raisingToken", "type": "address" },
      { "internalType": "uint256", "name": "_offeringAmountPool", "type": "uint256" },
      { "internalType": "uint256", "name": "_raisingAmountPool", "type": "uint256" },
      { "internalType": "uint256", "name": "_limitPerUserInRaisingToken", "type": "uint256" },
      { "internalType": "uint256", "name": "_initialReleasePercentage", "type": "uint256" },
      { "internalType": "uint256", "name": "_burnPercentage", "type": "uint256" },
      { "internalType": "uint256", "name": "_vestingEndTime", "type": "uint256" },
      { "internalType": "bool", "name": "_hasTax", "type": "bool" },
      { "internalType": "uint8", "name": "_pid", "type": "uint8" }
    ],
    "name": "setPool",
    "outputs": [],
    "stateMutability": "nonpayable",
    "type": "function"
  },
  {
    "inputs": [{ "internalType": "address", "name": "_taxCollector", "type": "address" }],
    "name": "setTaxCollector",
    "outputs": [],
    "stateMutability": "nonpayable",
    "type": "function"
  },
  {
    "inputs": [],
    "name": "startTime",
    "outputs": [{ "internalType": "uint256", "name": "", "type": "uint256" }],
    "stateMutability": "view",
    "type": "function"
  },
  {
    "inputs": [],
    "name": "taxCollector",
    "outputs": [{ "internalType": "address", "name": "", "type": "address" }],
    "stateMutability": "view",
    "type": "function"
  },
  { "inputs": [], "name": "taxWithdraw", "outputs": [], "stateMutability": "nonpayable", "type": "function" },
  {
    "inputs": [],
    "name": "totalTokensOffered",
    "outputs": [{ "internalType": "uint256", "name": "", "type": "uint256" }],
    "stateMutability": "view",
    "type": "function"
  },
  {
    "inputs": [{ "internalType": "uint256", "name": "", "type": "uint256" }],
    "name": "totalWithdrawRaisingAmount",
    "outputs": [{ "internalType": "uint256", "name": "", "type": "uint256" }],
    "stateMutability": "view",
    "type": "function"
  },
  {
    "inputs": [{ "internalType": "uint256", "name": "", "type": "uint256" }],
    "name": "totalWithdrawTaxAmount",
    "outputs": [{ "internalType": "uint256", "name": "", "type": "uint256" }],
    "stateMutability": "view",
    "type": "function"
  },
  {
    "inputs": [{ "internalType": "address", "name": "newOwner", "type": "address" }],
    "name": "transferOwnership",
    "outputs": [],
    "stateMutability": "nonpayable",
    "type": "function"
  },
  {
    "inputs": [{ "internalType": "uint256", "name": "_campaignId", "type": "uint256" }],
    "name": "updateCampaignId",
    "outputs": [],
    "stateMutability": "nonpayable",
    "type": "function"
  },
  {
    "inputs": [
      { "internalType": "uint256", "name": "_startTime", "type": "uint256" },
      { "internalType": "uint256", "name": "_endTime", "type": "uint256" }
    ],
    "name": "updateStartAndEndTimes",
    "outputs": [],
    "stateMutability": "nonpayable",
    "type": "function"
  },
  {
    "inputs": [
      { "internalType": "address", "name": "_user", "type": "address" },
      { "internalType": "uint8", "name": "_pid", "type": "uint8" }
    ],
    "name": "userTokenStatus",
    "outputs": [
      { "internalType": "uint256", "name": "raisingTokenRefund", "type": "uint256" },
      { "internalType": "uint256", "name": "userTaxOverflow", "type": "uint256" },
      { "internalType": "uint256", "name": "offeringTokenTotalHarvest", "type": "uint256" },
      { "internalType": "uint256", "name": "offeringTokenInitialHarvest", "type": "uint256" },
      { "internalType": "uint256", "name": "offeringTokenVestedHarvest", "type": "uint256" },
      { "internalType": "uint256", "name": "offeringTokensVesting", "type": "uint256" }
    ],
    "stateMutability": "view",
    "type": "function"
  },
  {
    "inputs": [{ "internalType": "uint256", "name": "_pid", "type": "uint256" }],
    "name": "viewPoolInformation",
    "outputs": [
      { "internalType": "contract IERC20", "name": "", "type": "address" },
      { "internalType": "uint256", "name": "", "type": "uint256" },
      { "internalType": "uint256", "name": "", "type": "uint256" },
      { "internalType": "uint256", "name": "", "type": "uint256" },
      { "internalType": "uint256", "name": "", "type": "uint256" },
      { "internalType": "uint256", "name": "", "type": "uint256" },
      { "internalType": "uint256", "name": "", "type": "uint256" },
      { "internalType": "bool", "name": "", "type": "bool" },
      { "internalType": "uint256", "name": "", "type": "uint256" },
      { "internalType": "uint256", "name": "", "type": "uint256" }
    ],
    "stateMutability": "view",
    "type": "function"
  },
  {
    "inputs": [{ "internalType": "uint256", "name": "_pid", "type": "uint256" }],
    "name": "viewPoolTaxRateOverflow",
    "outputs": [{ "internalType": "uint256", "name": "", "type": "uint256" }],
    "stateMutability": "view",
    "type": "function"
  },
  {
    "inputs": [
      { "internalType": "address", "name": "_user", "type": "address" },
      { "internalType": "uint8[]", "name": "_pids", "type": "uint8[]" }
    ],
    "name": "viewUserAllocationPools",
    "outputs": [{ "internalType": "uint256[]", "name": "", "type": "uint256[]" }],
    "stateMutability": "view",
    "type": "function"
  },
  {
    "inputs": [
      { "internalType": "address", "name": "_user", "type": "address" },
      { "internalType": "uint8[]", "name": "_pids", "type": "uint8[]" }
    ],
    "name": "viewUserInfo",
    "outputs": [
      { "internalType": "uint256[]", "name": "", "type": "uint256[]" },
      { "internalType": "uint256[]", "name": "", "type": "uint256[]" },
      { "internalType": "uint256[]", "name": "", "type": "uint256[]" },
      { "internalType": "bool[]", "name": "", "type": "bool[]" },
      { "internalType": "bool[]", "name": "", "type": "bool[]" }
    ],
    "stateMutability": "view",
    "type": "function"
  },
  {
    "inputs": [
      { "internalType": "address", "name": "_user", "type": "address" },
      { "internalType": "uint8[]", "name": "_pids", "type": "uint8[]" }
    ],
    "name": "viewUserOfferingAndRefundingAmountsForPools",
    "outputs": [{ "internalType": "uint256[3][]", "name": "", "type": "uint256[3][]" }],
    "stateMutability": "view",
    "type": "function"
  },
  {
    "inputs": [],
    "name": "votingEscrowAddress",
    "outputs": [{ "internalType": "address", "name": "", "type": "address" }],
    "stateMutability": "view",
    "type": "function"
  }
]
