[
  {
    "inputs": [
      {
        "internalType": "address",
        "name": "_accessControls",
        "type": "address"
      },
      {
        "internalType": "address",
        "name": "_tokenFactory",
        "type": "address"
      },
      {
        "internalType": "address",
        "name": "_market",
        "type": "address"
      },
      {
        "internalType": "address",
        "name": "_launcher",
        "type": "address"
      },
      {
        "internalType": "address",
        "name": "_farmFactory",
        "type": "address"
      }
    ],
    "stateMutability": "nonpayable",
    "type": "constructor"
  },
  {
    "inputs": [],
    "name": "accessControls",
    "outputs": [
      {
        "internalType": "contract MISOAccessControls",
        "name": "",
        "type": "address"
      }
    ],
    "stateMutability": "view",
    "type": "function"
  },
  {
    "inputs": [
      {
        "internalType": "address",
        "name": "_token",
        "type": "address"
      },
      {
        "internalType": "address",
        "name": "_owner",
        "type": "address"
      },
      {
        "internalType": "address",
        "name": "_spender",
        "type": "address"
      }
    ],
    "name": "allowance",
    "outputs": [
      {
        "internalType": "uint256",
        "name": "",
        "type": "uint256"
      }
    ],
    "stateMutability": "view",
    "type": "function"
  },
  {
    "inputs": [],
    "name": "farmFactory",
    "outputs": [
      {
        "internalType": "contract IMisoFarmFactory",
        "name": "",
        "type": "address"
      }
    ],
    "stateMutability": "view",
    "type": "function"
  },
  {
    "inputs": [
      {
        "internalType": "address payable",
        "name": "_batchAuction",
        "type": "address"
      }
    ],
    "name": "getBatchAuctionInfo",
    "outputs": [
      {
        "components": [
          {
            "internalType": "address",
            "name": "addr",
            "type": "address"
          },
          {
            "internalType": "address",
            "name": "paymentCurrency",
            "type": "address"
          },
          {
            "internalType": "uint64",
            "name": "startTime",
            "type": "uint64"
          },
          {
            "internalType": "uint64",
            "name": "endTime",
            "type": "uint64"
          },
          {
            "internalType": "uint128",
            "name": "totalTokens",
            "type": "uint128"
          },
          {
            "internalType": "uint256",
            "name": "commitmentsTotal",
            "type": "uint256"
          },
          {
            "internalType": "uint256",
            "name": "minimumCommitmentAmount",
            "type": "uint256"
          },
          {
            "internalType": "bool",
            "name": "finalized",
            "type": "bool"
          },
          {
            "internalType": "bool",
            "name": "usePointList",
            "type": "bool"
          },
          {
            "internalType": "bool",
            "name": "auctionSuccessful",
            "type": "bool"
          },
          {
            "components": [
              {
                "internalType": "address",
                "name": "addr",
                "type": "address"
              },
              {
                "internalType": "uint256",
                "name": "decimals",
                "type": "uint256"
              },
              {
                "internalType": "string",
                "name": "name",
                "type": "string"
              },
              {
                "internalType": "string",
                "name": "symbol",
                "type": "string"
              }
            ],
            "internalType": "struct TokenHelper.TokenInfo",
            "name": "tokenInfo",
            "type": "tuple"
          },
          {
            "components": [
              {
                "internalType": "address",
                "name": "addr",
                "type": "address"
              },
              {
                "internalType": "uint256",
                "name": "decimals",
                "type": "uint256"
              },
              {
                "internalType": "string",
                "name": "name",
                "type": "string"
              },
              {
                "internalType": "string",
                "name": "symbol",
                "type": "string"
              }
            ],
            "internalType": "struct TokenHelper.TokenInfo",
            "name": "paymentCurrencyInfo",
            "type": "tuple"
          },
          {
            "components": [
              {
                "internalType": "string",
                "name": "name",
                "type": "string"
              },
              {
                "internalType": "string",
                "name": "data",
                "type": "string"
              },
              {
                "internalType": "uint256",
                "name": "lastModified",
                "type": "uint256"
              }
            ],
            "internalType": "struct DocumentHepler.Document[]",
            "name": "documents",
            "type": "tuple[]"
          }
        ],
        "internalType": "struct MarketHelper.BatchAuctionInfo",
        "name": "",
        "type": "tuple"
      }
    ],
    "stateMutability": "view",
    "type": "function"
  },
  {
    "inputs": [
      {
        "internalType": "address",
        "name": "_crowdsale",
        "type": "address"
      }
    ],
    "name": "getCrowdsaleInfo",
    "outputs": [
      {
        "components": [
          {
            "internalType": "address",
            "name": "addr",
            "type": "address"
          },
          {
            "internalType": "address",
            "name": "paymentCurrency",
            "type": "address"
          },
          {
            "internalType": "uint128",
            "name": "commitmentsTotal",
            "type": "uint128"
          },
          {
            "internalType": "uint128",
            "name": "totalTokens",
            "type": "uint128"
          },
          {
            "internalType": "uint128",
            "name": "rate",
            "type": "uint128"
          },
          {
            "internalType": "uint128",
            "name": "goal",
            "type": "uint128"
          },
          {
            "internalType": "uint64",
            "name": "startTime",
            "type": "uint64"
          },
          {
            "internalType": "uint64",
            "name": "endTime",
            "type": "uint64"
          },
          {
            "internalType": "bool",
            "name": "finalized",
            "type": "bool"
          },
          {
            "internalType": "bool",
            "name": "usePointList",
            "type": "bool"
          },
          {
            "internalType": "bool",
            "name": "auctionSuccessful",
            "type": "bool"
          },
          {
            "components": [
              {
                "internalType": "address",
                "name": "addr",
                "type": "address"
              },
              {
                "internalType": "uint256",
                "name": "decimals",
                "type": "uint256"
              },
              {
                "internalType": "string",
                "name": "name",
                "type": "string"
              },
              {
                "internalType": "string",
                "name": "symbol",
                "type": "string"
              }
            ],
            "internalType": "struct TokenHelper.TokenInfo",
            "name": "tokenInfo",
            "type": "tuple"
          },
          {
            "components": [
              {
                "internalType": "address",
                "name": "addr",
                "type": "address"
              },
              {
                "internalType": "uint256",
                "name": "decimals",
                "type": "uint256"
              },
              {
                "internalType": "string",
                "name": "name",
                "type": "string"
              },
              {
                "internalType": "string",
                "name": "symbol",
                "type": "string"
              }
            ],
            "internalType": "struct TokenHelper.TokenInfo",
            "name": "paymentCurrencyInfo",
            "type": "tuple"
          },
          {
            "components": [
              {
                "internalType": "string",
                "name": "name",
                "type": "string"
              },
              {
                "internalType": "string",
                "name": "data",
                "type": "string"
              },
              {
                "internalType": "uint256",
                "name": "lastModified",
                "type": "uint256"
              }
            ],
            "internalType": "struct DocumentHepler.Document[]",
            "name": "documents",
            "type": "tuple[]"
          }
        ],
        "internalType": "struct MarketHelper.CrowdsaleInfo",
        "name": "",
        "type": "tuple"
      }
    ],
    "stateMutability": "view",
    "type": "function"
  },
  {
    "inputs": [
      {
        "internalType": "address",
        "name": "_document",
        "type": "address"
      }
    ],
    "name": "getDocuments",
    "outputs": [
      {
        "components": [
          {
            "internalType": "string",
            "name": "name",
            "type": "string"
          },
          {
            "internalType": "string",
            "name": "data",
            "type": "string"
          },
          {
            "internalType": "uint256",
            "name": "lastModified",
            "type": "uint256"
          }
        ],
        "internalType": "struct DocumentHepler.Document[]",
        "name": "",
        "type": "tuple[]"
      }
    ],
    "stateMutability": "view",
    "type": "function"
  },
  {
    "inputs": [
      {
        "internalType": "address payable",
        "name": "_dutchAuction",
        "type": "address"
      }
    ],
    "name": "getDutchAuctionInfo",
    "outputs": [
      {
        "components": [
          {
            "internalType": "address",
            "name": "addr",
            "type": "address"
          },
          {
            "internalType": "address",
            "name": "paymentCurrency",
            "type": "address"
          },
          {
            "internalType": "uint64",
            "name": "startTime",
            "type": "uint64"
          },
          {
            "internalType": "uint64",
            "name": "endTime",
            "type": "uint64"
          },
          {
            "internalType": "uint128",
            "name": "totalTokens",
            "type": "uint128"
          },
          {
            "internalType": "uint128",
            "name": "startPrice",
            "type": "uint128"
          },
          {
            "internalType": "uint128",
            "name": "minimumPrice",
            "type": "uint128"
          },
          {
            "internalType": "uint128",
            "name": "commitmentsTotal",
            "type": "uint128"
          },
          {
            "internalType": "bool",
            "name": "finalized",
            "type": "bool"
          },
          {
            "internalType": "bool",
            "name": "usePointList",
            "type": "bool"
          },
          {
            "internalType": "bool",
            "name": "auctionSuccessful",
            "type": "bool"
          },
          {
            "components": [
              {
                "internalType": "address",
                "name": "addr",
                "type": "address"
              },
              {
                "internalType": "uint256",
                "name": "decimals",
                "type": "uint256"
              },
              {
                "internalType": "string",
                "name": "name",
                "type": "string"
              },
              {
                "internalType": "string",
                "name": "symbol",
                "type": "string"
              }
            ],
            "internalType": "struct TokenHelper.TokenInfo",
            "name": "tokenInfo",
            "type": "tuple"
          },
          {
            "components": [
              {
                "internalType": "address",
                "name": "addr",
                "type": "address"
              },
              {
                "internalType": "uint256",
                "name": "decimals",
                "type": "uint256"
              },
              {
                "internalType": "string",
                "name": "name",
                "type": "string"
              },
              {
                "internalType": "string",
                "name": "symbol",
                "type": "string"
              }
            ],
            "internalType": "struct TokenHelper.TokenInfo",
            "name": "paymentCurrencyInfo",
            "type": "tuple"
          },
          {
            "components": [
              {
                "internalType": "string",
                "name": "name",
                "type": "string"
              },
              {
                "internalType": "string",
                "name": "data",
                "type": "string"
              },
              {
                "internalType": "uint256",
                "name": "lastModified",
                "type": "uint256"
              }
            ],
            "internalType": "struct DocumentHepler.Document[]",
            "name": "documents",
            "type": "tuple[]"
          }
        ],
        "internalType": "struct MarketHelper.DutchAuctionInfo",
        "name": "",
        "type": "tuple"
      }
    ],
    "stateMutability": "view",
    "type": "function"
  },
  {
    "inputs": [
      {
        "internalType": "address",
        "name": "_farm",
        "type": "address"
      },
      {
        "internalType": "address",
        "name": "_user",
        "type": "address"
      }
    ],
    "name": "getFarmDetail",
    "outputs": [
      {
        "components": [
          {
            "internalType": "address",
            "name": "addr",
            "type": "address"
          },
          {
            "internalType": "uint256",
            "name": "templateId",
            "type": "uint256"
          },
          {
            "internalType": "uint256",
            "name": "rewardsPerBlock",
            "type": "uint256"
          },
          {
            "internalType": "uint256",
            "name": "bonusMultiplier",
            "type": "uint256"
          },
          {
            "components": [
              {
                "internalType": "address",
                "name": "addr",
                "type": "address"
              },
              {
                "internalType": "uint256",
                "name": "decimals",
                "type": "uint256"
              },
              {
                "internalType": "string",
                "name": "name",
                "type": "string"
              },
              {
                "internalType": "string",
                "name": "symbol",
                "type": "string"
              }
            ],
            "internalType": "struct TokenHelper.TokenInfo",
            "name": "rewardToken",
            "type": "tuple"
          },
          {
            "components": [
              {
                "internalType": "address",
                "name": "lpToken",
                "type": "address"
              },
              {
                "internalType": "uint256",
                "name": "allocPoint",
                "type": "uint256"
              },
              {
                "internalType": "uint256",
                "name": "lastRewardBlock",
                "type": "uint256"
              },
              {
                "internalType": "uint256",
                "name": "accRewardsPerShare",
                "type": "uint256"
              },
              {
                "internalType": "uint256",
                "name": "totalStaked",
                "type": "uint256"
              },
              {
                "components": [
                  {
                    "internalType": "address",
                    "name": "addr",
                    "type": "address"
                  },
                  {
                    "internalType": "uint256",
                    "name": "decimals",
                    "type": "uint256"
                  },
                  {
                    "internalType": "string",
                    "name": "name",
                    "type": "string"
                  },
                  {
                    "internalType": "string",
                    "name": "symbol",
                    "type": "string"
                  }
                ],
                "internalType": "struct TokenHelper.TokenInfo",
                "name": "stakingToken",
                "type": "tuple"
              }
            ],
            "internalType": "struct FarmHelper.PoolInfo[]",
            "name": "pools",
            "type": "tuple[]"
          }
        ],
        "internalType": "struct FarmHelper.FarmInfo",
        "name": "farmInfo",
        "type": "tuple"
      },
      {
        "components": [
          {
            "internalType": "address",
            "name": "farm",
            "type": "address"
          },
          {
            "internalType": "uint256",
            "name": "pid",
            "type": "uint256"
          },
          {
            "internalType": "uint256",
            "name": "totalStaked",
            "type": "uint256"
          },
          {
            "internalType": "uint256",
            "name": "lpBalance",
            "type": "uint256"
          },
          {
            "internalType": "uint256",
            "name": "lpAllowance",
            "type": "uint256"
          },
          {
            "internalType": "uint256",
            "name": "rewardDebt",
            "type": "uint256"
          },
          {
            "internalType": "uint256",
            "name": "pendingRewards",
            "type": "uint256"
          }
        ],
        "internalType": "struct FarmHelper.UserPoolInfo[]",
        "name": "userInfos",
        "type": "tuple[]"
      }
    ],
    "stateMutability": "view",
    "type": "function"
  },
  {
    "inputs": [],
    "name": "getFarms",
    "outputs": [
      {
        "components": [
          {
            "internalType": "address",
            "name": "addr",
            "type": "address"
          },
          {
            "internalType": "uint256",
            "name": "templateId",
            "type": "uint256"
          },
          {
            "internalType": "uint256",
            "name": "rewardsPerBlock",
            "type": "uint256"
          },
          {
            "internalType": "uint256",
            "name": "bonusMultiplier",
            "type": "uint256"
          },
          {
            "components": [
              {
                "internalType": "address",
                "name": "addr",
                "type": "address"
              },
              {
                "internalType": "uint256",
                "name": "decimals",
                "type": "uint256"
              },
              {
                "internalType": "string",
                "name": "name",
                "type": "string"
              },
              {
                "internalType": "string",
                "name": "symbol",
                "type": "string"
              }
            ],
            "internalType": "struct TokenHelper.TokenInfo",
            "name": "rewardToken",
            "type": "tuple"
          },
          {
            "components": [
              {
                "internalType": "address",
                "name": "lpToken",
                "type": "address"
              },
              {
                "internalType": "uint256",
                "name": "allocPoint",
                "type": "uint256"
              },
              {
                "internalType": "uint256",
                "name": "lastRewardBlock",
                "type": "uint256"
              },
              {
                "internalType": "uint256",
                "name": "accRewardsPerShare",
                "type": "uint256"
              },
              {
                "internalType": "uint256",
                "name": "totalStaked",
                "type": "uint256"
              },
              {
                "components": [
                  {
                    "internalType": "address",
                    "name": "addr",
                    "type": "address"
                  },
                  {
                    "internalType": "uint256",
                    "name": "decimals",
                    "type": "uint256"
                  },
                  {
                    "internalType": "string",
                    "name": "name",
                    "type": "string"
                  },
                  {
                    "internalType": "string",
                    "name": "symbol",
                    "type": "string"
                  }
                ],
                "internalType": "struct TokenHelper.TokenInfo",
                "name": "stakingToken",
                "type": "tuple"
              }
            ],
            "internalType": "struct FarmHelper.PoolInfo[]",
            "name": "pools",
            "type": "tuple[]"
          }
        ],
        "internalType": "struct FarmHelper.FarmInfo[]",
        "name": "",
        "type": "tuple[]"
      }
    ],
    "stateMutability": "view",
    "type": "function"
  },
  {
    "inputs": [
      {
        "internalType": "address payable",
        "name": "_hyperbolicAuction",
        "type": "address"
      }
    ],
    "name": "getHyperbolicAuctionInfo",
    "outputs": [
      {
        "components": [
          {
            "internalType": "address",
            "name": "addr",
            "type": "address"
          },
          {
            "internalType": "address",
            "name": "paymentCurrency",
            "type": "address"
          },
          {
            "internalType": "uint64",
            "name": "startTime",
            "type": "uint64"
          },
          {
            "internalType": "uint64",
            "name": "endTime",
            "type": "uint64"
          },
          {
            "internalType": "uint128",
            "name": "totalTokens",
            "type": "uint128"
          },
          {
            "internalType": "uint128",
            "name": "minimumPrice",
            "type": "uint128"
          },
          {
            "internalType": "uint128",
            "name": "alpha",
            "type": "uint128"
          },
          {
            "internalType": "uint128",
            "name": "commitmentsTotal",
            "type": "uint128"
          },
          {
            "internalType": "bool",
            "name": "finalized",
            "type": "bool"
          },
          {
            "internalType": "bool",
            "name": "usePointList",
            "type": "bool"
          },
          {
            "internalType": "bool",
            "name": "auctionSuccessful",
            "type": "bool"
          },
          {
            "components": [
              {
                "internalType": "address",
                "name": "addr",
                "type": "address"
              },
              {
                "internalType": "uint256",
                "name": "decimals",
                "type": "uint256"
              },
              {
                "internalType": "string",
                "name": "name",
                "type": "string"
              },
              {
                "internalType": "string",
                "name": "symbol",
                "type": "string"
              }
            ],
            "internalType": "struct TokenHelper.TokenInfo",
            "name": "tokenInfo",
            "type": "tuple"
          },
          {
            "components": [
              {
                "internalType": "address",
                "name": "addr",
                "type": "address"
              },
              {
                "internalType": "uint256",
                "name": "decimals",
                "type": "uint256"
              },
              {
                "internalType": "string",
                "name": "name",
                "type": "string"
              },
              {
                "internalType": "string",
                "name": "symbol",
                "type": "string"
              }
            ],
            "internalType": "struct TokenHelper.TokenInfo",
            "name": "paymentCurrencyInfo",
            "type": "tuple"
          },
          {
            "components": [
              {
                "internalType": "string",
                "name": "name",
                "type": "string"
              },
              {
                "internalType": "string",
                "name": "data",
                "type": "string"
              },
              {
                "internalType": "uint256",
                "name": "lastModified",
                "type": "uint256"
              }
            ],
            "internalType": "struct DocumentHepler.Document[]",
            "name": "documents",
            "type": "tuple[]"
          }
        ],
        "internalType": "struct MarketHelper.HyperbolicAuctionInfo",
        "name": "",
        "type": "tuple"
      }
    ],
    "stateMutability": "view",
    "type": "function"
  },
  {
    "inputs": [],
    "name": "getMarkets",
    "outputs": [
      {
        "components": [
          {
            "internalType": "address",
            "name": "addr",
            "type": "address"
          },
          {
            "internalType": "uint64",
            "name": "templateId",
            "type": "uint64"
          },
          {
            "internalType": "uint64",
            "name": "startTime",
            "type": "uint64"
          },
          {
            "internalType": "uint64",
            "name": "endTime",
            "type": "uint64"
          },
          {
            "internalType": "bool",
            "name": "finalized",
            "type": "bool"
          },
          {
            "components": [
              {
                "internalType": "address",
                "name": "addr",
                "type": "address"
              },
              {
                "internalType": "uint256",
                "name": "decimals",
                "type": "uint256"
              },
              {
                "internalType": "string",
                "name": "name",
                "type": "string"
              },
              {
                "internalType": "string",
                "name": "symbol",
                "type": "string"
              }
            ],
            "internalType": "struct TokenHelper.TokenInfo",
            "name": "tokenInfo",
            "type": "tuple"
          }
        ],
        "internalType": "struct MarketHelper.MarketBaseInfo[]",
        "name": "",
        "type": "tuple[]"
      }
    ],
    "stateMutability": "view",
    "type": "function"
  },
  {
    "inputs": [
      {
        "internalType": "address",
        "name": "_farm",
        "type": "address"
      }
    ],
    "name": "getPools",
    "outputs": [
      {
        "components": [
          {
            "internalType": "address",
            "name": "lpToken",
            "type": "address"
          },
          {
            "internalType": "uint256",
            "name": "allocPoint",
            "type": "uint256"
          },
          {
            "internalType": "uint256",
            "name": "lastRewardBlock",
            "type": "uint256"
          },
          {
            "internalType": "uint256",
            "name": "accRewardsPerShare",
            "type": "uint256"
          },
          {
            "internalType": "uint256",
            "name": "totalStaked",
            "type": "uint256"
          },
          {
            "components": [
              {
                "internalType": "address",
                "name": "addr",
                "type": "address"
              },
              {
                "internalType": "uint256",
                "name": "decimals",
                "type": "uint256"
              },
              {
                "internalType": "string",
                "name": "name",
                "type": "string"
              },
              {
                "internalType": "string",
                "name": "symbol",
                "type": "string"
              }
            ],
            "internalType": "struct TokenHelper.TokenInfo",
            "name": "stakingToken",
            "type": "tuple"
          }
        ],
        "internalType": "struct FarmHelper.PoolInfo[]",
        "name": "",
        "type": "tuple[]"
      }
    ],
    "stateMutability": "view",
    "type": "function"
  },
  {
    "inputs": [
      {
        "internalType": "address",
        "name": "_address",
        "type": "address"
      }
    ],
    "name": "getTokenInfo",
    "outputs": [
      {
        "components": [
          {
            "internalType": "address",
            "name": "addr",
            "type": "address"
          },
          {
            "internalType": "uint256",
            "name": "decimals",
            "type": "uint256"
          },
          {
            "internalType": "string",
            "name": "name",
            "type": "string"
          },
          {
            "internalType": "string",
            "name": "symbol",
            "type": "string"
          }
        ],
        "internalType": "struct TokenHelper.TokenInfo",
        "name": "",
        "type": "tuple"
      }
    ],
    "stateMutability": "view",
    "type": "function"
  },
  {
    "inputs": [],
    "name": "getTokens",
    "outputs": [
      {
        "components": [
          {
            "internalType": "address",
            "name": "addr",
            "type": "address"
          },
          {
            "internalType": "uint256",
            "name": "decimals",
            "type": "uint256"
          },
          {
            "internalType": "string",
            "name": "name",
            "type": "string"
          },
          {
            "internalType": "string",
            "name": "symbol",
            "type": "string"
          }
        ],
        "internalType": "struct TokenHelper.TokenInfo[]",
        "name": "",
        "type": "tuple[]"
      }
    ],
    "stateMutability": "view",
    "type": "function"
  },
  {
    "inputs": [
      {
        "internalType": "address[]",
        "name": "addresses",
        "type": "address[]"
      }
    ],
    "name": "getTokensInfo",
    "outputs": [
      {
        "components": [
          {
            "internalType": "address",
            "name": "addr",
            "type": "address"
          },
          {
            "internalType": "uint256",
            "name": "decimals",
            "type": "uint256"
          },
          {
            "internalType": "string",
            "name": "name",
            "type": "string"
          },
          {
            "internalType": "string",
            "name": "symbol",
            "type": "string"
          }
        ],
        "internalType": "struct TokenHelper.TokenInfo[]",
        "name": "",
        "type": "tuple[]"
      }
    ],
    "stateMutability": "view",
    "type": "function"
  },
  {
    "inputs": [
      {
        "internalType": "address",
        "name": "_action",
        "type": "address"
      },
      {
        "internalType": "address",
        "name": "_user",
        "type": "address"
      }
    ],
    "name": "getUserMarketInfo",
    "outputs": [
      {
        "components": [
          {
            "internalType": "uint256",
            "name": "commitments",
            "type": "uint256"
          },
          {
            "internalType": "uint256",
            "name": "tokensClaimable",
            "type": "uint256"
          },
          {
            "internalType": "uint256",
            "name": "claimed",
            "type": "uint256"
          },
          {
            "internalType": "bool",
            "name": "isAdmin",
            "type": "bool"
          }
        ],
        "internalType": "struct MarketHelper.UserMarketInfo",
        "name": "userInfo",
        "type": "tuple"
      }
    ],
    "stateMutability": "view",
    "type": "function"
  },
  {
    "inputs": [
      {
        "internalType": "address",
        "name": "_user",
        "type": "address"
      }
    ],
    "name": "getUserPoolsInfos",
    "outputs": [
      {
        "components": [
          {
            "internalType": "address",
            "name": "farm",
            "type": "address"
          },
          {
            "internalType": "uint256[]",
            "name": "pids",
            "type": "uint256[]"
          },
          {
            "internalType": "uint256[]",
            "name": "totalStaked",
            "type": "uint256[]"
          },
          {
            "internalType": "uint256[]",
            "name": "pendingRewards",
            "type": "uint256[]"
          }
        ],
        "internalType": "struct FarmHelper.UserPoolsInfo[]",
        "name": "",
        "type": "tuple[]"
      }
    ],
    "stateMutability": "view",
    "type": "function"
  },
  {
    "inputs": [],
    "name": "launcher",
    "outputs": [
      {
        "internalType": "address",
        "name": "",
        "type": "address"
      }
    ],
    "stateMutability": "view",
    "type": "function"
  },
  {
    "inputs": [],
    "name": "market",
    "outputs": [
      {
        "internalType": "contract IMisoMarketFactory",
        "name": "",
        "type": "address"
      }
    ],
    "stateMutability": "view",
    "type": "function"
  },
  {
    "inputs": [
      {
        "internalType": "address",
        "name": "_tokenFactory",
        "type": "address"
      },
      {
        "internalType": "address",
        "name": "_market",
        "type": "address"
      },
      {
        "internalType": "address",
        "name": "_launcher",
        "type": "address"
      },
      {
        "internalType": "address",
        "name": "_farmFactory",
        "type": "address"
      }
    ],
    "name": "setContracts",
    "outputs": [],
    "stateMutability": "nonpayable",
    "type": "function"
  },
  {
    "inputs": [],
    "name": "tokenFactory",
    "outputs": [
      {
        "internalType": "contract IMisoTokenFactory",
        "name": "",
        "type": "address"
      }
    ],
    "stateMutability": "view",
    "type": "function"
  }
]
