[
    {
        "type": "constructor",
        "stateMutability": "nonpayable",
        "inputs": [
            {
                "type": "address",
                "name": "_treasury",
                "internalType": "address"
            },
            {
                "type": "address",
                "name": "_keeper",
                "internalType": "address"
            },
            {
                "type": "address",
                "name": "_usdc",
                "internalType": "address"
            },
            {
                "type": "address",
                "name": "_token",
                "internalType": "address"
            },
            {
                "type": "uint256",
                "name": "_tokenPrice",
                "internalType": "uint256"
            },
            {
                "type": "uint256",
                "name": "_basePrice",
                "internalType": "uint256"
            },
            {
                "type": "uint256",
                "name": "_minTokensAmount",
                "internalType": "uint256"
            },
            {
                "type": "uint256",
                "name": "_maxTokensAmount",
                "internalType": "uint256"
            },
            {
                "type": "uint256",
                "name": "_privateSaleTokenPool",
                "internalType": "uint256"
            },
            {
                "type": "uint256",
                "name": "_privateSaleStart",
                "internalType": "uint256"
            },
            {
                "type": "uint256",
                "name": "_privateSaleEnd",
                "internalType": "uint256"
            },
            {
                "type": "uint256",
                "name": "_vestingDuration",
                "internalType": "uint256"
            }
        ]
    },
    {
        "type": "event",
        "name": "OwnershipTransferred",
        "inputs": [
            {
                "type": "address",
                "name": "previousOwner",
                "internalType": "address",
                "indexed": true
            },
            {
                "type": "address",
                "name": "newOwner",
                "internalType": "address",
                "indexed": true
            }
        ],
        "anonymous": false
    },
    {
        "type": "event",
        "name": "Paused",
        "inputs": [
            {
                "type": "address",
                "name": "account",
                "internalType": "address",
                "indexed": false
            }
        ],
        "anonymous": false
    },
    {
        "type": "event",
        "name": "TokenPurchased",
        "inputs": [
            {
                "type": "address",
                "name": "user",
                "internalType": "address",
                "indexed": true
            },
            {
                "type": "address",
                "name": "coin",
                "internalType": "address",
                "indexed": false
            },
            {
                "type": "uint256",
                "name": "coinAmount",
                "internalType": "uint256",
                "indexed": false
            },
            {
                "type": "uint256",
                "name": "tokenAmount",
                "internalType": "uint256",
                "indexed": false
            }
        ],
        "anonymous": false
    },
    {
        "type": "event",
        "name": "TokensClaimed",
        "inputs": [
            {
                "type": "address",
                "name": "user",
                "internalType": "address",
                "indexed": true
            },
            {
                "type": "uint256",
                "name": "tokenAmount",
                "internalType": "uint256",
                "indexed": false
            }
        ],
        "anonymous": false
    },
    {
        "type": "event",
        "name": "Unpaused",
        "inputs": [
            {
                "type": "address",
                "name": "account",
                "internalType": "address",
                "indexed": false
            }
        ],
        "anonymous": false
    },
    {
        "type": "function",
        "stateMutability": "view",
        "outputs": [
            {
                "type": "uint256",
                "name": "",
                "internalType": "uint256"
            }
        ],
        "name": "PRECISION",
        "inputs": []
    },
    {
        "type": "function",
        "stateMutability": "view",
        "outputs": [
            {
                "type": "address",
                "name": "",
                "internalType": "address"
            }
        ],
        "name": "USDC",
        "inputs": []
    },
    {
        "type": "function",
        "stateMutability": "view",
        "outputs": [
            {
                "type": "uint256",
                "name": "",
                "internalType": "uint256"
            }
        ],
        "name": "WITHDRAWAL_PERIOD",
        "inputs": []
    },
    {
        "type": "function",
        "stateMutability": "nonpayable",
        "outputs": [],
        "name": "adminAddPurchase",
        "inputs": [
            {
                "type": "address",
                "name": "_receiver",
                "internalType": "address"
            },
            {
                "type": "uint256",
                "name": "_amount",
                "internalType": "uint256"
            }
        ]
    },
    {
        "type": "function",
        "stateMutability": "nonpayable",
        "outputs": [],
        "name": "adminPause",
        "inputs": []
    },
    {
        "type": "function",
        "stateMutability": "nonpayable",
        "outputs": [],
        "name": "adminSetBasePrice",
        "inputs": [
            {
                "type": "uint256",
                "name": "_price",
                "internalType": "uint256"
            }
        ]
    },
    {
        "type": "function",
        "stateMutability": "nonpayable",
        "outputs": [],
        "name": "adminSetMaxGasPrice",
        "inputs": [
            {
                "type": "uint256",
                "name": "_maxGasPrice",
                "internalType": "uint256"
            }
        ]
    },
    {
        "type": "function",
        "stateMutability": "nonpayable",
        "outputs": [],
        "name": "adminSetMaxToken",
        "inputs": [
            {
                "type": "uint256",
                "name": "_maxToken",
                "internalType": "uint256"
            }
        ]
    },
    {
        "type": "function",
        "stateMutability": "nonpayable",
        "outputs": [],
        "name": "adminSetMinToken",
        "inputs": [
            {
                "type": "uint256",
                "name": "_minToken",
                "internalType": "uint256"
            }
        ]
    },
    {
        "type": "function",
        "stateMutability": "nonpayable",
        "outputs": [],
        "name": "adminSetPriceFeed",
        "inputs": [
            {
                "type": "address",
                "name": "_priceFeed",
                "internalType": "address"
            }
        ]
    },
    {
        "type": "function",
        "stateMutability": "nonpayable",
        "outputs": [],
        "name": "adminSetTreasury",
        "inputs": [
            {
                "type": "address",
                "name": "_treasury",
                "internalType": "address"
            }
        ]
    },
    {
        "type": "function",
        "stateMutability": "nonpayable",
        "outputs": [],
        "name": "adminSetVestingStart",
        "inputs": [
            {
                "type": "uint256",
                "name": "_vestingStart",
                "internalType": "uint256"
            }
        ]
    },
    {
        "type": "function",
        "stateMutability": "nonpayable",
        "outputs": [],
        "name": "adminSetWhitelisted",
        "inputs": [
            {
                "type": "address[]",
                "name": "_users",
                "internalType": "address[]"
            },
            {
                "type": "bool",
                "name": "_flag",
                "internalType": "bool"
            }
        ]
    },
    {
        "type": "function",
        "stateMutability": "nonpayable",
        "outputs": [],
        "name": "adminUnpause",
        "inputs": []
    },
    {
        "type": "function",
        "stateMutability": "nonpayable",
        "outputs": [],
        "name": "adminWithdrawERC20",
        "inputs": [
            {
                "type": "address",
                "name": "ERC20token",
                "internalType": "address"
            }
        ]
    },
    {
        "type": "function",
        "stateMutability": "nonpayable",
        "outputs": [],
        "name": "adminWithdrawETH",
        "inputs": []
    },
    {
        "type": "function",
        "stateMutability": "view",
        "outputs": [
            {
                "type": "uint256",
                "name": "",
                "internalType": "uint256"
            }
        ],
        "name": "basePrice",
        "inputs": []
    },
    {
        "type": "function",
        "stateMutability": "view",
        "outputs": [
            {
                "type": "uint256",
                "name": "",
                "internalType": "uint256"
            }
        ],
        "name": "calcCoinPurchasedAmount",
        "inputs": [
            {
                "type": "address",
                "name": "_coin",
                "internalType": "address"
            },
            {
                "type": "uint256",
                "name": "_amount",
                "internalType": "uint256"
            }
        ]
    },
    {
        "type": "function",
        "stateMutability": "view",
        "outputs": [
            {
                "type": "uint256",
                "name": "",
                "internalType": "uint256"
            }
        ],
        "name": "calcEthPurchasedAmount",
        "inputs": [
            {
                "type": "uint256",
                "name": "_amount",
                "internalType": "uint256"
            }
        ]
    },
    {
        "type": "function",
        "stateMutability": "nonpayable",
        "outputs": [],
        "name": "claim",
        "inputs": []
    },
    {
        "type": "function",
        "stateMutability": "view",
        "outputs": [
            {
                "type": "uint256",
                "name": "",
                "internalType": "uint256"
            }
        ],
        "name": "claimable",
        "inputs": [
            {
                "type": "address",
                "name": "_user",
                "internalType": "address"
            }
        ]
    },
    {
        "type": "function",
        "stateMutability": "view",
        "outputs": [
            {
                "type": "uint256",
                "name": "",
                "internalType": "uint256"
            }
        ],
        "name": "claimed",
        "inputs": [
            {
                "type": "address",
                "name": "_user",
                "internalType": "address"
            }
        ]
    },
    {
        "type": "function",
        "stateMutability": "pure",
        "outputs": [
            {
                "type": "string",
                "name": "",
                "internalType": "string"
            }
        ],
        "name": "getName",
        "inputs": []
    },
    {
        "type": "function",
        "stateMutability": "view",
        "outputs": [
            {
                "type": "uint256",
                "name": "",
                "internalType": "uint256"
            }
        ],
        "name": "locked",
        "inputs": [
            {
                "type": "address",
                "name": "_user",
                "internalType": "address"
            }
        ]
    },
    {
        "type": "function",
        "stateMutability": "view",
        "outputs": [
            {
                "type": "uint256",
                "name": "",
                "internalType": "uint256"
            }
        ],
        "name": "maxGasPrice",
        "inputs": []
    },
    {
        "type": "function",
        "stateMutability": "view",
        "outputs": [
            {
                "type": "uint256",
                "name": "",
                "internalType": "uint256"
            }
        ],
        "name": "maxTokensAmount",
        "inputs": []
    },
    {
        "type": "function",
        "stateMutability": "view",
        "outputs": [
            {
                "type": "uint256",
                "name": "",
                "internalType": "uint256"
            }
        ],
        "name": "minTokensAmount",
        "inputs": []
    },
    {
        "type": "function",
        "stateMutability": "view",
        "outputs": [
            {
                "type": "address",
                "name": "",
                "internalType": "address"
            }
        ],
        "name": "owner",
        "inputs": []
    },
    {
        "type": "function",
        "stateMutability": "view",
        "outputs": [
            {
                "type": "bool",
                "name": "",
                "internalType": "bool"
            }
        ],
        "name": "paused",
        "inputs": []
    },
    {
        "type": "function",
        "stateMutability": "view",
        "outputs": [
            {
                "type": "address",
                "name": "",
                "internalType": "contract AggregatorV3Interface"
            }
        ],
        "name": "priceFeed",
        "inputs": []
    },
    {
        "type": "function",
        "stateMutability": "view",
        "outputs": [
            {
                "type": "uint256",
                "name": "",
                "internalType": "uint256"
            }
        ],
        "name": "privateSaleEnd",
        "inputs": []
    },
    {
        "type": "function",
        "stateMutability": "view",
        "outputs": [
            {
                "type": "uint256",
                "name": "",
                "internalType": "uint256"
            }
        ],
        "name": "privateSaleStart",
        "inputs": []
    },
    {
        "type": "function",
        "stateMutability": "view",
        "outputs": [
            {
                "type": "uint256",
                "name": "",
                "internalType": "uint256"
            }
        ],
        "name": "privateSaleTokenPool",
        "inputs": []
    },
    {
        "type": "function",
        "stateMutability": "nonpayable",
        "outputs": [],
        "name": "purchaseTokenWithCoin",
        "inputs": [
            {
                "type": "address",
                "name": "coin",
                "internalType": "address"
            },
            {
                "type": "uint256",
                "name": "amount",
                "internalType": "uint256"
            }
        ]
    },
    {
        "type": "function",
        "stateMutability": "payable",
        "outputs": [],
        "name": "purchaseTokenWithETH",
        "inputs": []
    },
    {
        "type": "function",
        "stateMutability": "view",
        "outputs": [
            {
                "type": "uint256",
                "name": "",
                "internalType": "uint256"
            }
        ],
        "name": "purchased",
        "inputs": [
            {
                "type": "address",
                "name": "",
                "internalType": "address"
            }
        ]
    },
    {
        "type": "function",
        "stateMutability": "view",
        "outputs": [
            {
                "type": "uint256",
                "name": "",
                "internalType": "uint256"
            }
        ],
        "name": "purchasedPrivateSale",
        "inputs": []
    },
    {
        "type": "function",
        "stateMutability": "nonpayable",
        "outputs": [],
        "name": "renounceOwnership",
        "inputs": []
    },
    {
        "type": "function",
        "stateMutability": "view",
        "outputs": [
            {
                "type": "address",
                "name": "",
                "internalType": "address"
            }
        ],
        "name": "token",
        "inputs": []
    },
    {
        "type": "function",
        "stateMutability": "view",
        "outputs": [
            {
                "type": "uint256",
                "name": "",
                "internalType": "uint256"
            }
        ],
        "name": "tokenPrice",
        "inputs": []
    },
    {
        "type": "function",
        "stateMutability": "nonpayable",
        "outputs": [],
        "name": "transferOwnership",
        "inputs": [
            {
                "type": "address",
                "name": "newOwner",
                "internalType": "address"
            }
        ]
    },
    {
        "type": "function",
        "stateMutability": "view",
        "outputs": [
            {
                "type": "uint256",
                "name": "",
                "internalType": "uint256"
            }
        ],
        "name": "vestingDuration",
        "inputs": []
    },
    {
        "type": "function",
        "stateMutability": "view",
        "outputs": [
            {
                "type": "uint256",
                "name": "",
                "internalType": "uint256"
            }
        ],
        "name": "vestingStart",
        "inputs": []
    },
    {
        "type": "function",
        "stateMutability": "view",
        "outputs": [
            {
                "type": "bool",
                "name": "",
                "internalType": "bool"
            }
        ],
        "name": "whitelisted",
        "inputs": [
            {
                "type": "address",
                "name": "",
                "internalType": "address"
            }
        ]
    },
    {
        "type": "receive",
        "stateMutability": "payable"
    }
]